[
  {
    "name": "Twisted",
    "id": 1
  },
  {
    "name": "41st and 5th",
    "id": 2
  },
  {
    "name": "Homage to the Mistro",
    "id": 3
  },
  {
    "name": "Three Musicians",
    "id": 4
  },
  {
    "name": "Alien Eject",
    "id": 5
  },
  {
    "name": "The Witch Doctor",
    "id": 6
  },
  {
    "name": "The Casino Cheat",
    "id": 7
  },
  {
    "name": "Lunar Beach",
    "id": 8
  },
  {
    "name": "The Red Clown",
    "id": 9
  },
  {
    "name": "Lovers Lane",
    "id": 10
  }
]
